client,audits,ecosystem,project-type,integrations,date
Foo Bar,"https://google.com,https://google.com,PRIVATE",Starknet,"ERC721,Bond",Uniswap,06/07/2024
Foo Bar,"https://google.com,https://google.com,PRIVATE",Starknet,"ERC721,Bond",Uniswap,06/07/2024
Foo Bar,"https://google.com,https://google.com,PRIVATE",Starknet,"ERC721,Bond",Uniswap,06/07/2024
Foo Bar,"https://google.com,https://google.com,PRIVATE",Starknet,"ERC721,Bond",Uniswap,06/07/2024
Foo Bar,"https://google.com,https://google.com,PRIVATE",Starknet,"ERC721,Bond",Uniswap,06/07/2024
Foo Bar,"https://google.com,https://google.com,PRIVATE",Starknet,"ERC721,Bond",Uniswap,06/07/2024
Foo Bar,"https://google.com,https://google.com,PRIVATE",Starknet,"ERC721,Bond",Uniswap,06/07/2024
Foo Bar,"https://google.com,https://google.com,PRIVATE",Starknet,"ERC721,Bond",Uniswap,06/07/2024
Foo Bar,"https://google.com,https://google.com,PRIVATE",Starknet,"ERC721,Bond",Uniswap,06/07/2024
Foo Bar,"https://google.com,https://google.com,PRIVATE",Starknet,"ERC721,Bond",Uniswap,06/07/2024
Foo Bar,"https://google.com,https://google.com,PRIVATE",Starknet,"ERC721,Bond",Uniswap,06/07/2024
Foo Bar,"https://google.com,https://google.com,PRIVATE",Starknet,"ERC721,Bond",Uniswap,06/07/2024
Foo Bar,"https://google.com,https://google.com,PRIVATE",Starknet,"ERC721,Bond",Uniswap,06/07/2024
Foo Bar,"https://google.com,https://google.com,PRIVATE",Starknet,"ERC721,Bond",Uniswap,06/07/2024
Foo Bar,"https://google.com,https://google.com,PRIVATE",Starknet,"ERC721,Bond",Uniswap,06/07/2024
Foo Bar,"https://google.com,https://google.com,PRIVATE",Starknet,"ERC721,Bond",Uniswap,06/07/2024
Foo Bar,"https://google.com,https://google.com,PRIVATE",Starknet,"ERC721,Bond",Uniswap,06/07/2024
Foo Bar,"https://google.com,https://google.com,PRIVATE",Starknet,"ERC721,Bond",Uniswap,06/07/2024
Foo Bar,"https://google.com,https://google.com,PRIVATE",Starknet,"ERC721,Bond",Uniswap,06/07/2024
Foo Bar,"https://google.com,https://google.com,PRIVATE",Starknet,"ERC721,Bond",Uniswap,06/07/2024
Foo Bar,"https://google.com,https://google.com,PRIVATE",Starknet,"ERC721,Bond",Uniswap,06/07/2024
Foo Bar,"https://google.com,https://google.com,PRIVATE",Starknet,"ERC721,Bond",Uniswap,06/07/2024
Foo Bar,"https://google.com,https://google.com,PRIVATE",Starknet,"ERC721,Bond",Uniswap,06/07/2024
Foo Bar,"https://google.com,https://google.com,PRIVATE",Starknet,"ERC721,Bond",Uniswap,06/07/2024
Foo Bar,"https://google.com,https://google.com,PRIVATE",Starknet,"ERC721,Bond",Uniswap,06/07/2024
Foo Bar,"https://google.com,https://google.com,PRIVATE",Starknet,"ERC721,Bond",Uniswap,06/07/2024
Foo Bar,"https://google.com,https://google.com,PRIVATE",Starknet,"ERC721,Bond",Uniswap,06/07/2024
Foo Bar,"https://google.com,https://google.com,PRIVATE",Starknet,"ERC721,Bond",Uniswap,06/07/2024
Foo Bar,"https://google.com,https://google.com,PRIVATE",Starknet,"ERC721,Bond",Uniswap,06/07/2024
Foo Bar,"https://google.com,https://google.com,PRIVATE",Starknet,"ERC721,Bond",Uniswap,06/07/2024
Foo Bar,"https://google.com,https://google.com,PRIVATE",Starknet,"ERC721,Bond",Uniswap,06/07/2024
Foo Bar,"https://google.com,https://google.com,PRIVATE",Starknet,"ERC721,Bond",Uniswap,06/07/2024
Foo Bar,"https://google.com,https://google.com,PRIVATE",Starknet,"ERC721,Bond",Uniswap,06/07/2024
Foo Bar,"https://google.com,https://google.com,PRIVATE",Starknet,"ERC721,Bond",Uniswap,06/07/2024
Foo Bar,"https://google.com,https://google.com,PRIVATE",Starknet,"ERC721,Bond",Uniswap,06/07/2024
Foo Bar,"https://google.com,https://google.com,PRIVATE",Starknet,"ERC721,Bond",Uniswap,06/07/2024
Foo Bar,"https://google.com,https://google.com,PRIVATE",Starknet,"ERC721,Bond",Uniswap,06/07/2024
Foo Bar,"https://google.com,https://google.com,PRIVATE",Starknet,"ERC721,Bond",Uniswap,06/07/2024
Foo Bar,"https://google.com,https://google.com,PRIVATE",Starknet,"ERC721,Bond",Uniswap,06/07/2024
Foo Bar,"https://google.com,https://google.com,PRIVATE",Starknet,"ERC721,Bond",Uniswap,06/07/2024
Foo Bar,"https://google.com,https://google.com,PRIVATE",Starknet,"ERC721,Bond",Uniswap,06/07/2024
Foo Bar,"https://google.com,https://google.com,PRIVATE",Starknet,"ERC721,Bond",Uniswap,06/07/2024
Foo Bar,"https://google.com,https://google.com,PRIVATE",Starknet,"ERC721,Bond",Uniswap,06/07/2024
Foo Bar,"https://google.com,https://google.com,PRIVATE",Starknet,"ERC721,Bond",Uniswap,06/07/2024
Foo Bar,"https://google.com,https://google.com,PRIVATE",Starknet,"ERC721,Bond",Uniswap,06/07/2024
Foo Bar,"https://google.com,https://google.com,PRIVATE",Starknet,"ERC721,Bond",Uniswap,06/07/2024
Foo Bar,"https://google.com,https://google.com,PRIVATE",Starknet,"ERC721,Bond",Uniswap,06/07/2024
Foo Bar,"https://google.com,https://google.com,PRIVATE",Starknet,"ERC721,Bond",Uniswap,06/07/2024
Foo Bar,"https://google.com,https://google.com,PRIVATE",Starknet,"ERC721,Bond",Uniswap,06/07/2024
Foo Bar,"https://google.com,https://google.com,PRIVATE",Starknet,"ERC721,Bond",Uniswap,06/07/2024
Foo Bar,"https://google.com,https://google.com,PRIVATE",Starknet,"ERC721,Bond",Uniswap,06/07/2024
Foo Bar,"https://google.com,https://google.com,PRIVATE",Starknet,"ERC721,Bond",Uniswap,06/07/2024
Foo Bar,"https://google.com,https://google.com,PRIVATE",Starknet,"ERC721,Bond",Uniswap,06/07/2024
Foo Bar,"https://google.com,https://google.com,PRIVATE",Starknet,"ERC721,Bond",Uniswap,06/07/2024
Foo Bar,"https://google.com,https://google.com,PRIVATE",Starknet,"ERC721,Bond",Uniswap,06/07/2024
Foo Bar,"https://google.com,https://google.com,PRIVATE",Starknet,"ERC721,Bond",Uniswap,06/07/2024
Foo Bar,"https://google.com,https://google.com,PRIVATE",Starknet,"ERC721,Bond",Uniswap,06/07/2024
Foo Bar,"https://google.com,https://google.com,PRIVATE",Starknet,"ERC721,Bond",Uniswap,06/07/2024
Foo Bar,"https://google.com,https://google.com,PRIVATE",Starknet,"ERC721,Bond",Uniswap,06/07/2024
Foo Bar,"https://google.com,https://google.com,PRIVATE",Starknet,"ERC721,Bond",Uniswap,06/07/2024
Foo Bar,"https://google.com,https://google.com,PRIVATE",Starknet,"ERC721,Bond",Uniswap,06/07/2024
Foo Bar,"https://google.com,https://google.com,PRIVATE",Starknet,"ERC721,Bond",Uniswap,06/07/2024
Foo Bar,"https://google.com,https://google.com,PRIVATE",Starknet,"ERC721,Bond",Uniswap,06/07/2024
Foo Bar,"https://google.com,https://google.com,PRIVATE",Starknet,"ERC721,Bond",Uniswap,06/07/2024
Foo Bar,"https://google.com,https://google.com,PRIVATE",Starknet,"ERC721,Bond",Uniswap,06/07/2024
Foo Bar,"https://google.com,https://google.com,PRIVATE",Starknet,"ERC721,Bond",Uniswap,06/07/2024
Foo Bar,"https://google.com,https://google.com,PRIVATE",Starknet,"ERC721,Bond",Uniswap,06/07/2024
Foo Bar,"https://google.com,https://google.com,PRIVATE",Starknet,"ERC721,Bond",Uniswap,06/07/2024
Foo Bar,"https://google.com,https://google.com,PRIVATE",Starknet,"ERC721,Bond",Uniswap,06/07/2024
Foo Bar,"https://google.com,https://google.com,PRIVATE",Starknet,"ERC721,Bond",Uniswap,06/07/2024
Foo Bar,"https://google.com,https://google.com,PRIVATE",Starknet,"ERC721,Bond",Uniswap,06/07/2024
Foo Bar,"https://google.com,https://google.com,PRIVATE",Starknet,"ERC721,Bond",Uniswap,06/07/2024
Foo Bar,"https://google.com,https://google.com,PRIVATE",Starknet,"ERC721,Bond",Uniswap,06/07/2024
Foo Bar,"https://google.com,https://google.com,PRIVATE",Starknet,"ERC721,Bond",Uniswap,06/07/2024
Foo Bar,"https://google.com,https://google.com,PRIVATE",Starknet,"ERC721,Bond",Uniswap,06/07/2024
Foo Bar,"https://google.com,https://google.com,PRIVATE",Starknet,"ERC721,Bond",Uniswap,06/07/2024
Foo Bar,"https://google.com,https://google.com,PRIVATE",Starknet,"ERC721,Bond",Uniswap,06/07/2024
Foo Bar,"https://google.com,https://google.com,PRIVATE",Starknet,"ERC721,Bond",Uniswap,06/07/2024
Foo Bar,"https://google.com,https://google.com,PRIVATE",Starknet,"ERC721,Bond",Uniswap,06/07/2024
Foo Bar,"https://google.com,https://google.com,PRIVATE",Starknet,"ERC721,Bond",Uniswap,06/07/2024
Foo Bar,"https://google.com,https://google.com,PRIVATE",Starknet,"ERC721,Bond",Uniswap,06/07/2024
Foo Bar,"https://google.com,https://google.com,PRIVATE",Starknet,"ERC721,Bond",Uniswap,06/07/2024
Foo Bar,"https://google.com,https://google.com,PRIVATE",Starknet,"ERC721,Bond",Uniswap,06/07/2024
Foo Bar,"https://google.com,https://google.com,PRIVATE",Starknet,"ERC721,Bond",Uniswap,06/07/2024
Foo Bar,"https://google.com,https://google.com,PRIVATE",Starknet,"ERC721,Bond",Uniswap,06/07/2024
Foo Bar,"https://google.com,https://google.com,PRIVATE",Starknet,"ERC721,Bond",Uniswap,06/07/2024
Foo Bar,"https://google.com,https://google.com,PRIVATE",Starknet,"ERC721,Bond",Uniswap,06/07/2024
Foo Bar,"https://google.com,https://google.com,PRIVATE",Starknet,"ERC721,Bond",Uniswap,06/07/2024
Foo Bar,"https://google.com,https://google.com,PRIVATE",Starknet,"ERC721,Bond",Uniswap,06/07/2024
Foo Bar,"https://google.com,https://google.com,PRIVATE",Starknet,"ERC721,Bond",Uniswap,06/07/2024
Foo Bar,"https://google.com,https://google.com,PRIVATE",Starknet,"ERC721,Bond",Uniswap,06/07/2024
Foo Bar,"https://google.com,https://google.com,PRIVATE",Starknet,"ERC721,Bond",Uniswap,06/07/2024
Foo Bar,"https://google.com,https://google.com,PRIVATE",Starknet,"ERC721,Bond",Uniswap,06/07/2024
Foo Bar,"https://google.com,https://google.com,PRIVATE",Starknet,"ERC721,Bond",Uniswap,06/07/2024
Foo Bar,"https://google.com,https://google.com,PRIVATE",Starknet,"ERC721,Bond",Uniswap,06/07/2024
Foo Bar,"https://google.com,https://google.com,PRIVATE",Starknet,"ERC721,Bond",Uniswap,06/07/2024
Foo Bar,"https://google.com,https://google.com,PRIVATE",Starknet,"ERC721,Bond",Uniswap,06/07/2024
Foo Bar,"https://google.com,https://google.com,PRIVATE",Starknet,"ERC721,Bond",Uniswap,06/07/2024
Foo Bar,"https://google.com,https://google.com,PRIVATE",Starknet,"ERC721,Bond",Uniswap,06/07/2024
Foo Bar,"https://google.com,https://google.com,PRIVATE",Starknet,"ERC721,Bond",Uniswap,06/07/2024
Foo Bar,"https://google.com,https://google.com,PRIVATE",Starknet,"ERC721,Bond",Uniswap,06/07/2024
Foo Bar,"https://google.com,https://google.com,PRIVATE",Starknet,"ERC721,Bond",Uniswap,06/07/2024
Foo Bar,"https://google.com,https://google.com,PRIVATE",Starknet,"ERC721,Bond",Uniswap,06/07/2024
Foo Bar,"https://google.com,https://google.com,PRIVATE",Starknet,"ERC721,Bond",Uniswap,06/07/2024
Foo Bar,"https://google.com,https://google.com,PRIVATE",Starknet,"ERC721,Bond",Uniswap,06/07/2024
Foo Bar,"https://google.com,https://google.com,PRIVATE",Starknet,"ERC721,Bond",Uniswap,06/07/2024
Foo Bar,"https://google.com,https://google.com,PRIVATE",Starknet,"ERC721,Bond",Uniswap,06/07/2024
Foo Bar,"https://google.com,https://google.com,PRIVATE",Starknet,"ERC721,Bond",Uniswap,06/07/2024
Foo Bar,"https://google.com,https://google.com,PRIVATE",Starknet,"ERC721,Bond",Uniswap,06/07/2024
Foo Bar,"https://google.com,https://google.com,PRIVATE",Starknet,"ERC721,Bond",Uniswap,06/07/2024
Foo Bar,"https://google.com,https://google.com,PRIVATE",Starknet,"ERC721,Bond",Uniswap,06/07/2024
Foo Bar,"https://google.com,https://google.com,PRIVATE",Starknet,"ERC721,Bond",Uniswap,06/07/2024
Foo Bar,"https://google.com,https://google.com,PRIVATE",Starknet,"ERC721,Bond",Uniswap,06/07/2024
Foo Bar,"https://google.com,https://google.com,PRIVATE",Starknet,"ERC721,Bond",Uniswap,06/07/2024
Foo Bar,"https://google.com,https://google.com,PRIVATE",Starknet,"ERC721,Bond",Uniswap,06/07/2024
Foo Bar,"https://google.com,https://google.com,PRIVATE",Starknet,"ERC721,Bond",Uniswap,06/07/2024
Foo Bar,"https://google.com,https://google.com,PRIVATE",Starknet,"ERC721,Bond",Uniswap,06/07/2024
Foo Bar,"https://google.com,https://google.com,PRIVATE",Starknet,"ERC721,Bond",Uniswap,06/07/2024
Foo Bar,"https://google.com,https://google.com,PRIVATE",Starknet,"ERC721,Bond",Uniswap,06/07/2024
Foo Bar,"https://google.com,https://google.com,PRIVATE",Starknet,"ERC721,Bond",Uniswap,06/07/2024
Foo Bar,"https://google.com,https://google.com,PRIVATE",Starknet,"ERC721,Bond",Uniswap,06/07/2024
Foo Bar,"https://google.com,https://google.com,PRIVATE",Starknet,"ERC721,Bond",Uniswap,06/07/2024
Foo Bar,"https://google.com,https://google.com,PRIVATE",Starknet,"ERC721,Bond",Uniswap,06/07/2024
Foo Bar,"https://google.com,https://google.com,PRIVATE",Starknet,"ERC721,Bond",Uniswap,06/07/2024
Foo Bar,"https://google.com,https://google.com,PRIVATE",Starknet,"ERC721,Bond",Uniswap,06/07/2024
Foo Bar,"https://google.com,https://google.com,PRIVATE",Starknet,"ERC721,Bond",Uniswap,06/07/2024
Foo Bar,"https://google.com,https://google.com,PRIVATE",Starknet,"ERC721,Bond",Uniswap,06/07/2024
Foo Bar,"https://google.com,https://google.com,PRIVATE",Starknet,"ERC721,Bond",Uniswap,06/07/2024
Foo Bar,"https://google.com,https://google.com,PRIVATE",Starknet,"ERC721,Bond",Uniswap,06/07/2024
Foo Bar,"https://google.com,https://google.com,PRIVATE",Starknet,"ERC721,Bond",Uniswap,06/07/2024
Foo Bar,"https://google.com,https://google.com,PRIVATE",Starknet,"ERC721,Bond",Uniswap,06/07/2024
Foo Bar,"https://google.com,https://google.com,PRIVATE",Starknet,"ERC721,Bond",Uniswap,06/07/2024
Foo Bar,"https://google.com,https://google.com,PRIVATE",Starknet,"ERC721,Bond",Uniswap,06/07/2024
Foo Bar,"https://google.com,https://google.com,PRIVATE",Starknet,"ERC721,Bond",Uniswap,06/07/2024
Foo Bar,"https://google.com,https://google.com,PRIVATE",Starknet,"ERC721,Bond",Uniswap,06/07/2024
Foo Bar,"https://google.com,https://google.com,PRIVATE",Starknet,"ERC721,Bond",Uniswap,06/07/2024
Foo Bar,"https://google.com,https://google.com,PRIVATE",Starknet,"ERC721,Bond",Uniswap,06/07/2024
Foo Bar,"https://google.com,https://google.com,PRIVATE",Starknet,"ERC721,Bond",Uniswap,06/07/2024
Foo Bar,"https://google.com,https://google.com,PRIVATE",Starknet,"ERC721,Bond",Uniswap,06/07/2024
Foo Bar,"https://google.com,https://google.com,PRIVATE",Starknet,"ERC721,Bond",Uniswap,06/07/2024
Foo Bar,"https://google.com,https://google.com,PRIVATE",Starknet,"ERC721,Bond",Uniswap,06/07/2024
Foo Bar,"https://google.com,https://google.com,PRIVATE",Starknet,"ERC721,Bond",Uniswap,06/07/2024
Foo Bar,"https://google.com,https://google.com,PRIVATE",Starknet,"ERC721,Bond",Uniswap,06/07/2024
Foo Bar,"https://google.com,https://google.com,PRIVATE",Starknet,"ERC721,Bond",Uniswap,06/07/2024
Foo Bar,"https://google.com,https://google.com,PRIVATE",Starknet,"ERC721,Bond",Uniswap,06/07/2024
Foo Bar,"https://google.com,https://google.com,PRIVATE",Starknet,"ERC721,Bond",Uniswap,06/07/2024
Foo Bar,"https://google.com,https://google.com,PRIVATE",Starknet,"ERC721,Bond",Uniswap,06/07/2024
Foo Bar,"https://google.com,https://google.com,PRIVATE",Starknet,"ERC721,Bond",Uniswap,06/07/2024
Foo Bar,"https://google.com,https://google.com,PRIVATE",Starknet,"ERC721,Bond",Uniswap,06/07/2024
Foo Bar,"https://google.com,https://google.com,PRIVATE",Starknet,"ERC721,Bond",Uniswap,06/07/2024
Foo Bar,"https://google.com,https://google.com,PRIVATE",Starknet,"ERC721,Bond",Uniswap,06/07/2024
Foo Bar,"https://google.com,https://google.com,PRIVATE",Starknet,"ERC721,Bond",Uniswap,06/07/2024
Foo Bar,"https://google.com,https://google.com,PRIVATE",Starknet,"ERC721,Bond",Uniswap,06/07/2024
Foo Bar,"https://google.com,https://google.com,PRIVATE",Starknet,"ERC721,Bond",Uniswap,06/07/2024
Foo Bar,"https://google.com,https://google.com,PRIVATE",Starknet,"ERC721,Bond",Uniswap,06/07/2024
Foo Bar,"https://google.com,https://google.com,PRIVATE",Starknet,"ERC721,Bond",Uniswap,06/07/2024
Foo Bar,"https://google.com,https://google.com,PRIVATE",Starknet,"ERC721,Bond",Uniswap,06/07/2024
Foo Bar,"https://google.com,https://google.com,PRIVATE",Starknet,"ERC721,Bond",Uniswap,06/07/2024
Foo Bar,"https://google.com,https://google.com,PRIVATE",Starknet,"ERC721,Bond",Uniswap,06/07/2024
Foo Bar,"https://google.com,https://google.com,PRIVATE",Starknet,"ERC721,Bond",Uniswap,06/07/2024
Foo Bar,"https://google.com,https://google.com,PRIVATE",Starknet,"ERC721,Bond",Uniswap,06/07/2024
Foo Bar,"https://google.com,https://google.com,PRIVATE",Starknet,"ERC721,Bond",Uniswap,06/07/2024
Foo Bar,"https://google.com,https://google.com,PRIVATE",Starknet,"ERC721,Bond",Uniswap,06/07/2024
Foo Bar,"https://google.com,https://google.com,PRIVATE",Starknet,"ERC721,Bond",Uniswap,06/07/2024
Foo Bar,"https://google.com,https://google.com,PRIVATE",Starknet,"ERC721,Bond",Uniswap,06/07/2024
Foo Bar,"https://google.com,https://google.com,PRIVATE",Starknet,"ERC721,Bond",Uniswap,06/07/2024
Foo Bar,"https://google.com,https://google.com,PRIVATE",Starknet,"ERC721,Bond",Uniswap,06/07/2024
Foo Bar,"https://google.com,https://google.com,PRIVATE",Starknet,"ERC721,Bond",Uniswap,06/07/2024
Foo Bar,"https://google.com,https://google.com,PRIVATE",Starknet,"ERC721,Bond",Uniswap,06/07/2024
Foo Bar,"https://google.com,https://google.com,PRIVATE",Starknet,"ERC721,Bond",Uniswap,06/07/2024
Foo Bar,"https://google.com,https://google.com,PRIVATE",Starknet,"ERC721,Bond",Uniswap,06/07/2024
Foo Bar,"https://google.com,https://google.com,PRIVATE",Starknet,"ERC721,Bond",Uniswap,06/07/2024
Foo Bar,"https://google.com,https://google.com,PRIVATE",Starknet,"ERC721,Bond",Uniswap,06/07/2024
Foo Bar,"https://google.com,https://google.com,PRIVATE",Starknet,"ERC721,Bond",Uniswap,06/07/2024
Foo Bar,"https://google.com,https://google.com,PRIVATE",Starknet,"ERC721,Bond",Uniswap,06/07/2024
Foo Bar,"https://google.com,https://google.com,PRIVATE",Starknet,"ERC721,Bond",Uniswap,06/07/2024
Foo Bar,"https://google.com,https://google.com,PRIVATE",Starknet,"ERC721,Bond",Uniswap,06/07/2024
Foo Bar,"https://google.com,https://google.com,PRIVATE",Starknet,"ERC721,Bond",Uniswap,06/07/2024
Foo Bar,"https://google.com,https://google.com,PRIVATE",Starknet,"ERC721,Bond",Uniswap,06/07/2024
Foo Bar,"https://google.com,https://google.com,PRIVATE",Starknet,"ERC721,Bond",Uniswap,06/07/2024
Foo Bar,"https://google.com,https://google.com,PRIVATE",Starknet,"ERC721,Bond",Uniswap,06/07/2024
Foo Bar,"https://google.com,https://google.com,PRIVATE",Starknet,"ERC721,Bond",Uniswap,06/07/2024
Foo Bar,"https://google.com,https://google.com,PRIVATE",Starknet,"ERC721,Bond",Uniswap,06/07/2024
Foo Bar,"https://google.com,https://google.com,PRIVATE",Starknet,"ERC721,Bond",Uniswap,06/07/2024
Foo Bar,"https://google.com,https://google.com,PRIVATE",Starknet,"ERC721,Bond",Uniswap,06/07/2024
Foo Bar,"https://google.com,https://google.com,PRIVATE",Starknet,"ERC721,Bond",Uniswap,06/07/2024
Foo Bar,"https://google.com,https://google.com,PRIVATE",Starknet,"ERC721,Bond",Uniswap,06/07/2024
Foo Bar,"https://google.com,https://google.com,PRIVATE",Starknet,"ERC721,Bond",Uniswap,06/07/2024
Foo Bar,"https://google.com,https://google.com,PRIVATE",Starknet,"ERC721,Bond",Uniswap,06/07/2024
Foo Bar,"https://google.com,https://google.com,PRIVATE",Starknet,"ERC721,Bond",Uniswap,06/07/2024
Foo Bar,"https://google.com,https://google.com,PRIVATE",Starknet,"ERC721,Bond",Uniswap,06/07/2024
Foo Bar,"https://google.com,https://google.com,PRIVATE",Starknet,"ERC721,Bond",Uniswap,06/07/2024
Foo Bar,"https://google.com,https://google.com,PRIVATE",Starknet,"ERC721,Bond",Uniswap,06/07/2024
Foo Bar,"https://google.com,https://google.com,PRIVATE",Starknet,"ERC721,Bond",Uniswap,06/07/2024
Foo Bar,"https://google.com,https://google.com,PRIVATE",Starknet,"ERC721,Bond",Uniswap,06/07/2024
Foo Bar,"https://google.com,https://google.com,PRIVATE",Starknet,"ERC721,Bond",Uniswap,06/07/2024
Foo Bar,"https://google.com,https://google.com,PRIVATE",Starknet,"ERC721,Bond",Uniswap,06/07/2024
Foo Bar,"https://google.com,https://google.com,PRIVATE",Starknet,"ERC721,Bond",Uniswap,06/07/2024
Foo Bar,"https://google.com,https://google.com,PRIVATE",Starknet,"ERC721,Bond",Uniswap,06/07/2024
Foo Bar,"https://google.com,https://google.com,PRIVATE",Starknet,"ERC721,Bond",Uniswap,06/07/2024
Foo Bar,"https://google.com,https://google.com,PRIVATE",Starknet,"ERC721,Bond",Uniswap,06/07/2024
Foo Bar,"https://google.com,https://google.com,PRIVATE",Starknet,"ERC721,Bond",Uniswap,06/07/2024
Foo Bar,"https://google.com,https://google.com,PRIVATE",Starknet,"ERC721,Bond",Uniswap,06/07/2024
Foo Bar,"https://google.com,https://google.com,PRIVATE",Starknet,"ERC721,Bond",Uniswap,06/07/2024
Foo Bar,"https://google.com,https://google.com,PRIVATE",Starknet,"ERC721,Bond",Uniswap,06/07/2024
Foo Bar,"https://google.com,https://google.com,PRIVATE",Starknet,"ERC721,Bond",Uniswap,06/07/2024
Foo Bar,"https://google.com,https://google.com,PRIVATE",Starknet,"ERC721,Bond",Uniswap,06/07/2024
Foo Bar,"https://google.com,https://google.com,PRIVATE",Starknet,"ERC721,Bond",Uniswap,06/07/2024
Foo Bar,"https://google.com,https://google.com,PRIVATE",Starknet,"ERC721,Bond",Uniswap,06/07/2024
Foo Bar,"https://google.com,https://google.com,PRIVATE",Starknet,"ERC721,Bond",Uniswap,06/07/2024
Foo Bar,"https://google.com,https://google.com,PRIVATE",Starknet,"ERC721,Bond",Uniswap,06/07/2024
Foo Bar,"https://google.com,https://google.com,PRIVATE",Starknet,"ERC721,Bond",Uniswap,06/07/2024
Foo Bar,"https://google.com,https://google.com,PRIVATE",Starknet,"ERC721,Bond",Uniswap,06/07/2024
Foo Bar,"https://google.com,https://google.com,PRIVATE",Starknet,"ERC721,Bond",Uniswap,06/07/2024
Foo Bar,"https://google.com,https://google.com,PRIVATE",Starknet,"ERC721,Bond",Uniswap,06/07/2024
Foo Bar,"https://google.com,https://google.com,PRIVATE",Starknet,"ERC721,Bond",Uniswap,06/07/2024
Foo Bar,"https://google.com,https://google.com,PRIVATE",Starknet,"ERC721,Bond",Uniswap,06/07/2024
Foo Bar,"https://google.com,https://google.com,PRIVATE",Starknet,"ERC721,Bond",Uniswap,06/07/2024
Foo Bar,"https://google.com,https://google.com,PRIVATE",Starknet,"ERC721,Bond",Uniswap,06/07/2024
Foo Bar,"https://google.com,https://google.com,PRIVATE",Starknet,"ERC721,Bond",Uniswap,06/07/2024
Foo Bar,"https://google.com,https://google.com,PRIVATE",Starknet,"ERC721,Bond",Uniswap,06/07/2024
Foo Bar,"https://google.com,https://google.com,PRIVATE",Starknet,"ERC721,Bond",Uniswap,06/07/2024
Foo Bar,"https://google.com,https://google.com,PRIVATE",Starknet,"ERC721,Bond",Uniswap,06/07/2024
Foo Bar,"https://google.com,https://google.com,PRIVATE",Starknet,"ERC721,Bond",Uniswap,06/07/2024
Foo Bar,"https://google.com,https://google.com,PRIVATE",Starknet,"ERC721,Bond",Uniswap,06/07/2024
Foo Bar,"https://google.com,https://google.com,PRIVATE",Starknet,"ERC721,Bond",Uniswap,06/07/2024
Foo Bar,"https://google.com,https://google.com,PRIVATE",Starknet,"ERC721,Bond",Uniswap,06/07/2024
Foo Bar,"https://google.com,https://google.com,PRIVATE",Starknet,"ERC721,Bond",Uniswap,06/07/2024
Foo Bar,"https://google.com,https://google.com,PRIVATE",Starknet,"ERC721,Bond",Uniswap,06/07/2024
Foo Bar,"https://google.com,https://google.com,PRIVATE",Starknet,"ERC721,Bond",Uniswap,06/07/2024
Foo Bar,"https://google.com,https://google.com,PRIVATE",Starknet,"ERC721,Bond",Uniswap,06/07/2024
Foo Bar,"https://google.com,https://google.com,PRIVATE",Starknet,"ERC721,Bond",Uniswap,06/07/2024
Foo Bar,"https://google.com,https://google.com,PRIVATE",Starknet,"ERC721,Bond",Uniswap,06/07/2024
Foo Bar,"https://google.com,https://google.com,PRIVATE",Starknet,"ERC721,Bond",Uniswap,06/07/2024
Foo Bar,"https://google.com,https://google.com,PRIVATE",Starknet,"ERC721,Bond",Uniswap,06/07/2024
Foo Bar,"https://google.com,https://google.com,PRIVATE",Starknet,"ERC721,Bond",Uniswap,06/07/2024
Foo Bar,"https://google.com,https://google.com,PRIVATE",Starknet,"ERC721,Bond",Uniswap,06/07/2024
Foo Bar,"https://google.com,https://google.com,PRIVATE",Starknet,"ERC721,Bond",Uniswap,06/07/2024
Foo Bar,"https://google.com,https://google.com,PRIVATE",Starknet,"ERC721,Bond",Uniswap,06/07/2024
Foo Bar,"https://google.com,https://google.com,PRIVATE",Starknet,"ERC721,Bond",Uniswap,06/07/2024
Foo Bar,"https://google.com,https://google.com,PRIVATE",Starknet,"ERC721,Bond",Uniswap,06/07/2024
Foo Bar,"https://google.com,https://google.com,PRIVATE",Starknet,"ERC721,Bond",Uniswap,06/07/2024
Foo Bar,"https://google.com,https://google.com,PRIVATE",Starknet,"ERC721,Bond",Uniswap,06/07/2024
Foo Bar,"https://google.com,https://google.com,PRIVATE",Starknet,"ERC721,Bond",Uniswap,06/07/2024
Foo Bar,"https://google.com,https://google.com,PRIVATE",Starknet,"ERC721,Bond",Uniswap,06/07/2024
Foo Bar,"https://google.com,https://google.com,PRIVATE",Starknet,"ERC721,Bond",Uniswap,06/07/2024
Foo Bar,"https://google.com,https://google.com,PRIVATE",Starknet,"ERC721,Bond",Uniswap,06/07/2024
Foo Bar,"https://google.com,https://google.com,PRIVATE",Starknet,"ERC721,Bond",Uniswap,06/07/2024
Foo Bar,"https://google.com,https://google.com,PRIVATE",Starknet,"ERC721,Bond",Uniswap,06/07/2024
Foo Bar,"https://google.com,https://google.com,PRIVATE",Starknet,"ERC721,Bond",Uniswap,06/07/2024
Foo Bar,"https://google.com,https://google.com,PRIVATE",Starknet,"ERC721,Bond",Uniswap,06/07/2024
Foo Bar,"https://google.com,https://google.com,PRIVATE",Starknet,"ERC721,Bond",Uniswap,06/07/2024
Foo Bar,"https://google.com,https://google.com,PRIVATE",Starknet,"ERC721,Bond",Uniswap,06/07/2024
Foo Bar,"https://google.com,https://google.com,PRIVATE",Starknet,"ERC721,Bond",Uniswap,06/07/2024
Foo Bar,"https://google.com,https://google.com,PRIVATE",Starknet,"ERC721,Bond",Uniswap,06/07/2024
Foo Bar,"https://google.com,https://google.com,PRIVATE",Starknet,"ERC721,Bond",Uniswap,06/07/2024
Foo Bar,"https://google.com,https://google.com,PRIVATE",Starknet,"ERC721,Bond",Uniswap,06/07/2024
Foo Bar,"https://google.com,https://google.com,PRIVATE",Starknet,"ERC721,Bond",Uniswap,06/07/2024
Foo Bar,"https://google.com,https://google.com,PRIVATE",Starknet,"ERC721,Bond",Uniswap,06/07/2024
Foo Bar,"https://google.com,https://google.com,PRIVATE",Starknet,"ERC721,Bond",Uniswap,06/07/2024
Foo Bar,"https://google.com,https://google.com,PRIVATE",Starknet,"ERC721,Bond",Uniswap,06/07/2024
Foo Bar,"https://google.com,https://google.com,PRIVATE",Starknet,"ERC721,Bond",Uniswap,06/07/2024
Foo Bar,"https://google.com,https://google.com,PRIVATE",Starknet,"ERC721,Bond",Uniswap,06/07/2024
Foo Bar,"https://google.com,https://google.com,PRIVATE",Starknet,"ERC721,Bond",Uniswap,06/07/2024
Foo Bar,"https://google.com,https://google.com,PRIVATE",Starknet,"ERC721,Bond",Uniswap,06/07/2024
Foo Bar,"https://google.com,https://google.com,PRIVATE",Starknet,"ERC721,Bond",Uniswap,06/07/2024
Foo Bar,"https://google.com,https://google.com,PRIVATE",Starknet,"ERC721,Bond",Uniswap,06/07/2024
Foo Bar,"https://google.com,https://google.com,PRIVATE",Starknet,"ERC721,Bond",Uniswap,06/07/2024
Foo Bar,"https://google.com,https://google.com,PRIVATE",Starknet,"ERC721,Bond",Uniswap,06/07/2024
Foo Bar,"https://google.com,https://google.com,PRIVATE",Starknet,"ERC721,Bond",Uniswap,06/07/2024
Foo Bar,"https://google.com,https://google.com,PRIVATE",Starknet,"ERC721,Bond",Uniswap,06/07/2024
Foo Bar,"https://google.com,https://google.com,PRIVATE",Starknet,"ERC721,Bond",Uniswap,06/07/2024
Foo Bar,"https://google.com,https://google.com,PRIVATE",Starknet,"ERC721,Bond",Uniswap,06/07/2024
Foo Bar,"https://google.com,https://google.com,PRIVATE",Starknet,"ERC721,Bond",Uniswap,06/07/2024
Foo Bar,"https://google.com,https://google.com,PRIVATE",Starknet,"ERC721,Bond",Uniswap,06/07/2024
Foo Bar,"https://google.com,https://google.com,PRIVATE",Starknet,"ERC721,Bond",Uniswap,06/07/2024
Foo Bar,"https://google.com,https://google.com,PRIVATE",Starknet,"ERC721,Bond",Uniswap,06/07/2024
Foo Bar,"https://google.com,https://google.com,PRIVATE",Starknet,"ERC721,Bond",Uniswap,06/07/2024
Foo Bar,"https://google.com,https://google.com,PRIVATE",Starknet,"ERC721,Bond",Uniswap,06/07/2024
Foo Bar,"https://google.com,https://google.com,PRIVATE",Starknet,"ERC721,Bond",Uniswap,06/07/2024
Foo Bar,"https://google.com,https://google.com,PRIVATE",Starknet,"ERC721,Bond",Uniswap,06/07/2024
Foo Bar,"https://google.com,https://google.com,PRIVATE",Starknet,"ERC721,Bond",Uniswap,06/07/2024
Foo Bar,"https://google.com,https://google.com,PRIVATE",Starknet,"ERC721,Bond",Uniswap,06/07/2024
Foo Bar,"https://google.com,https://google.com,PRIVATE",Starknet,"ERC721,Bond",Uniswap,06/07/2024
Foo Bar,"https://google.com,https://google.com,PRIVATE",Starknet,"ERC721,Bond",Uniswap,06/07/2024
Foo Bar,"https://google.com,https://google.com,PRIVATE",Starknet,"ERC721,Bond",Uniswap,06/07/2024
Foo Bar,"https://google.com,https://google.com,PRIVATE",Starknet,"ERC721,Bond",Uniswap,06/07/2024
Foo Bar,"https://google.com,https://google.com,PRIVATE",Starknet,"ERC721,Bond",Uniswap,06/07/2024
Foo Bar,"https://google.com,https://google.com,PRIVATE",Starknet,"ERC721,Bond",Uniswap,06/07/2024
Foo Bar,"https://google.com,https://google.com,PRIVATE",Starknet,"ERC721,Bond",Uniswap,06/07/2024
Foo Bar,"https://google.com,https://google.com,PRIVATE",Starknet,"ERC721,Bond",Uniswap,06/07/2024
Foo Bar,"https://google.com,https://google.com,PRIVATE",Starknet,"ERC721,Bond",Uniswap,06/07/2024
Foo Bar,"https://google.com,https://google.com,PRIVATE",Starknet,"ERC721,Bond",Uniswap,06/07/2024
Foo Bar,"https://google.com,https://google.com,PRIVATE",Starknet,"ERC721,Bond",Uniswap,06/07/2024
Foo Bar,"https://google.com,https://google.com,PRIVATE",Starknet,"ERC721,Bond",Uniswap,06/07/2024
Foo Bar,"https://google.com,https://google.com,PRIVATE",Starknet,"ERC721,Bond",Uniswap,06/07/2024
Foo Bar,"https://google.com,https://google.com,PRIVATE",Starknet,"ERC721,Bond",Uniswap,06/07/2024
Foo Bar,"https://google.com,https://google.com,PRIVATE",Starknet,"ERC721,Bond",Uniswap,06/07/2024
Foo Bar,"https://google.com,https://google.com,PRIVATE",Starknet,"ERC721,Bond",Uniswap,06/07/2024
Foo Bar,"https://google.com,https://google.com,PRIVATE",Starknet,"ERC721,Bond",Uniswap,06/07/2024
Foo Bar,"https://google.com,https://google.com,PRIVATE",Starknet,"ERC721,Bond",Uniswap,06/07/2024
Foo Bar,"https://google.com,https://google.com,PRIVATE",Starknet,"ERC721,Bond",Uniswap,06/07/2024
Foo Bar,"https://google.com,https://google.com,PRIVATE",Starknet,"ERC721,Bond",Uniswap,06/07/2024
Foo Bar,"https://google.com,https://google.com,PRIVATE",Starknet,"ERC721,Bond",Uniswap,06/07/2024
Foo Bar,"https://google.com,https://google.com,PRIVATE",Starknet,"ERC721,Bond",Uniswap,06/07/2024
Foo Bar,"https://google.com,https://google.com,PRIVATE",Starknet,"ERC721,Bond",Uniswap,06/07/2024
Foo Bar,"https://google.com,https://google.com,PRIVATE",Starknet,"ERC721,Bond",Uniswap,06/07/2024
Foo Bar,"https://google.com,https://google.com,PRIVATE",Starknet,"ERC721,Bond",Uniswap,06/07/2024
Foo Bar,"https://google.com,https://google.com,PRIVATE",Starknet,"ERC721,Bond",Uniswap,06/07/2024
Foo Bar,"https://google.com,https://google.com,PRIVATE",Starknet,"ERC721,Bond",Uniswap,06/07/2024
Foo Bar,"https://google.com,https://google.com,PRIVATE",Starknet,"ERC721,Bond",Uniswap,06/07/2024
Foo Bar,"https://google.com,https://google.com,PRIVATE",Starknet,"ERC721,Bond",Uniswap,06/07/2024
Foo Bar,"https://google.com,https://google.com,PRIVATE",Starknet,"ERC721,Bond",Uniswap,06/07/2024
Foo Bar,"https://google.com,https://google.com,PRIVATE",Starknet,"ERC721,Bond",Uniswap,06/07/2024
Foo Bar,"https://google.com,https://google.com,PRIVATE",Starknet,"ERC721,Bond",Uniswap,06/07/2024
Foo Bar,"https://google.com,https://google.com,PRIVATE",Starknet,"ERC721,Bond",Uniswap,06/07/2024
Foo Bar,"https://google.com,https://google.com,PRIVATE",Starknet,"ERC721,Bond",Uniswap,06/07/2024
Foo Bar,"https://google.com,https://google.com,PRIVATE",Starknet,"ERC721,Bond",Uniswap,06/07/2024
Foo Bar,"https://google.com,https://google.com,PRIVATE",Starknet,"ERC721,Bond",Uniswap,06/07/2024
Foo Bar,"https://google.com,https://google.com,PRIVATE",Starknet,"ERC721,Bond",Uniswap,06/07/2024
Foo Bar,"https://google.com,https://google.com,PRIVATE",Starknet,"ERC721,Bond",Uniswap,06/07/2024
Foo Bar,"https://google.com,https://google.com,PRIVATE",Starknet,"ERC721,Bond",Uniswap,06/07/2024